filename,url,short_url
JH01,https://qrtub.com/_a9f3k,https://qrtub.com/JH01
JH03,https://qrtub.com/_z7x1m,https://qrtub.com/JH03
JH04,https://qrtub.com/_t4g9r,https://qrtub.com/JH04
JH06,https://qrtub.com/_q2w8d,https://qrtub.com/JH06
JH07,https://qrtub.com/_l6c5n,https://qrtub.com/JH07
JH08,https://qrtub.com/_v3h7b,https://qrtub.com/JH08
JH09,https://qrtub.com/_y1t9j,https://qrtub.com/JH09
JH10,https://qrtub.com/_s8p2f,https://qrtub.com/JH10
JP01,https://qrtub.com/_k4r6x,https://qrtub.com/JP01
JP03,https://qrtub.com/_o9m3l,https://qrtub.com/JP03
JP04,https://qrtub.com/_j2c7v,https://qrtub.com/JP04
JP06,https://qrtub.com/_f8d1z,https://qrtub.com/JP06
JP07,https://qrtub.com/_h5n4k,https://qrtub.com/JP07
JP08,https://qrtub.com/_x3t6y,https://qrtub.com/JP08
JP09,https://qrtub.com/_r7b2w,https://qrtub.com/JP09
JP10,https://qrtub.com/_m9g5q,https://qrtub.com/JP10
